﻿Stato,ANSI,Somma di Popolazione (1-4-2020),Capitale
Alabama,,5024279,Montgomery
Alaska,AK,733391,Juneau
Arizona,,7151502,Phoenix
Arkansas,,3011524,
California,CA,39538223,Sacramento
Carolina del Nord,,10439388,
Carolina del Sud,,5118425,
Colorado,,5773714,Denver
Connecticut,,3605944,Hartford
Dakota del Nord,,779094,
Dakota del Sud,,886667,
Delaware,,989948,Dover
Florida,,21538187,Tallahassee
Georgia,GA,10711908,Atlanta
Hawaii,HI,1455271,Honolulu
Idaho,ID,1839106,Boise
Illinois,,12812508,Springfield
Indiana,,6785528,Indianapolis
Iowa,IA,3190369,Des Moines
Kansas,KS,2937880,Topeka
Kentucky,KY,4505836,Frankfort
Louisiana,,4657757,Baton Rouge
Maine,,1362359,Augusta
Maryland,MD,6177224,Annapolis
Massachusetts,,7029917,Boston
Michigan,,10077331,Lansing
Minnesota,,5706494,Saint Paul
Mississippi,,2961279,Jackson
Missouri,,6154913,Jefferson City
Montana,,1084225,Helena
Nebraska,,1961504,Lincoln
Nevada,,3104614,Carson City
New Hampshire,,1377529,Concord
New Jersey,NJ,9288994,
New York,NY,20201249,Albany
Nuovo Messico,,2117522,
Ohio,OH,11799448,Columbus
Oklahoma,,3959353,Oklahoma City
Oregon,,4237256,Salem
Pennsylvania,PA,13002700,Harrisburg
Rhode Island,,1097379,
Tennessee,,6910840,Nashville
Texas,,29145505,Austin
Utah,UT,3271616,Salt Lake City
Vermont,VT,643077,Montpelier
Virginia,VA,8631393,Richmond
Virginia Occidentale,,1793716,
Washington,WA,7705281,Olympia
Wisconsin,WI,5893718,Madison
Wyoming,,576851,Cheyenne
